{
  "system": "Mem0",
  "test": "concurrency",
  "timestamp": "2026-06-05T00:51:38.011525",
  "scale": 100,
  "seq_write": {
    "n": 100,
    "avg_ms": 5630.202555427095,
    "p50_ms": 5006.012459052727,
    "p95_ms": 10842.304249992594,
    "p99_ms": 12652.321125031449,
    "total_s": 563.0202555427095
  },
  "conc_read": {
    "n": 15,
    "avg_ms": 1242.5406000732135,
    "p95_ms": 2809.635207988322
  },
  "write_then_read_consistency": {
    "trials": 5,
    "consistent": 5,
    "rate": 1.0
  }
}