{
  "timestamp": "2026-06-05T01:16:56.287035",
  "mem0": {
    "write_qps_c1": {
      "qps": 0.27277641796052615,
      "success": 3,
      "elapsed_s": 10.998018166050315
    },
    "write_qps_c3": {
      "qps": 0.7700249945972579,
      "success": 9,
      "elapsed_s": 11.68793229199946
    },
    "write_qps_c5": {
      "qps": 1.4324160389584077,
      "success": 15,
      "elapsed_s": 10.471817957935855
    },
    "read_qps_c1": {
      "qps": 1.4998131372992347,
      "success": 20,
      "elapsed_s": 13.334994542063214
    },
    "read_qps_c5": {
      "qps": 5.744043964914535,
      "success": 20,
      "elapsed_s": 3.4818674999987707
    },
    "read_qps_c10": {
      "qps": 9.798488373863288,
      "success": 20,
      "elapsed_s": 2.04113116604276
    }
  },
  "naive_rag": {
    "write_qps_c1": {
      "qps": 1.7505225310314094,
      "success": 3,
      "elapsed_s": 1.7137739999452606
    },
    "write_qps_c5": {
      "qps": 5.978937995254443,
      "success": 15,
      "elapsed_s": 2.5088067499455065
    },
    "write_qps_c10": {
      "qps": 11.947148006159395,
      "success": 30,
      "elapsed_s": 2.5110595419537276
    },
    "read_qps_c1": {
      "qps": 1.5117381602949496,
      "success": 20,
      "elapsed_s": 13.229804291040637
    },
    "read_qps_c5": {
      "qps": 5.953431072136722,
      "success": 20,
      "elapsed_s": 3.3594073329586536
    },
    "read_qps_c10": {
      "qps": 11.625518791499877,
      "success": 20,
      "elapsed_s": 1.7203533329302445
    }
  }
}